Pos,Equipe,Pts,J,V,E,D,GP,GC,SG
1,Atlético Mineiro,84,38,26,6,6,67,34,33
2,Flamengo,71,38,21,8,9,69,36,33
3,Palmeiras,66,38,20,6,12,58,43,15
4,Fortaleza,58,38,17,7,14,44,45,−1
5,Corinthians,57,38,15,12,11,40,36,4
6,Red Bull Bragantino,56,38,14,14,10,55,46,9
7,Fluminense,54,38,15,9,14,38,38,0
8,América Mineiro,53,38,13,14,11,41,37,4
9,Atlético Goianiense,53,38,13,14,11,33,36,−3
10,Santos,50,38,12,14,12,35,40,−5
11,Ceará,50,38,11,17,10,39,38,1
12,Internacional,48,38,12,12,14,44,42,2
13,São Paulo,48,38,11,15,12,31,39,−8
14,Athletico Paranaense,47,38,13,8,17,41,45,−4
15,Cuiabá,47,38,10,17,11,34,37,−3
16,Juventude,46,38,11,13,14,36,44,−8
17,Grêmio,43,38,12,7,19,44,51,−7
18,Bahia,43,38,11,10,17,42,51,−9
19,Sport,38,38,9,11,18,24,37,−13
20,Chapecoense,15,38,1,12,25,27,67,−40
21,Botafogo,70,38,20,10,8,56,31,25
22,Goiás,65,38,17,14,7,48,31,17
23,Coritiba,64,38,18,10,10,49,35,14
24,Avaí,64,38,18,10,10,44,35,9
25,CSA,62,38,18,8,12,48,33,15
26,Guarani,60,38,16,12,10,54,41,13
27,CRB,60,38,16,12,10,47,39,8
28,Náutico,53,38,14,11,13,50,50,0
29,Vila Nova,51,38,12,15,11,35,36,–1
30,Vasco da Gama,49,38,13,10,15,43,52,–9
31,Ponte Preta,49,38,12,13,13,39,40,–1
32,Operário-PR,48,38,13,9,16,35,46,–11
33,Brusque[nota 1],48,38,13,9,16,44,56,–12
34,Cruzeiro,48,38,10,18,10,42,44,–2
35,Sampaio Corrêa,47,38,12,11,15,41,42,–1
36,Londrina,44,38,11,11,16,31,41,–10
37,Remo,43,38,11,10,17,31,42,–11
38,Vitória,40,38,8,16,14,31,32,–1
39,Confiança,37,38,9,10,19,35,48,–13
40,Brasil de Pelotas,23,38,4,11,23,23,52,–29
41,Paysandu,30,18,8,6,4,23,20,3
42,Tombense,27,18,6,9,3,22,14,8
43,Botafogo-PB,27,18,6,9,3,17,11,6
44,Manaus,26,18,7,5,6,21,25,–4
45,Volta Redonda,26,18,6,8,4,21,16,5
46,Ferroviário,24,18,5,9,4,14,12,2
47,Altos,21,18,5,6,7,21,23,–2
48,Floresta,21,18,4,9,5,15,17,–2
49,Jacuipense,18,18,3,9,6,13,21,–8
50,Santa Cruz,12,18,2,6,10,11,19,–8
51,Castanhal,36,14,11,3,0,33,11,22
52,São Raimundo-RR,29,14,8,5,1,28,11,17
53,Penarol,24,14,7,3,4,23,14,9
54,Galvez,22,14,7,1,6,22,24,–2
55,Fast Clube,15,14,3,6,5,21,20,1
56,Ypiranga-AP,13,14,3,4,7,13,22,–9
57,GAS,9,14,2,3,9,12,29,–17
58,Atlético Acreano,7,14,2,1,11,14,35,–21
59,Guarany de Sobral,28,14,9,1,4,24,16,8
60,4 de Julho,24,14,7,3,4,18,11,7
61,Paragominas,23,14,6,5,3,26,19,7
62,Moto Club,21,14,6,3,5,20,19,1
63,Palmas,18,14,5,3,6,19,17,2
64,Imperatriz,17,14,3,8,3,14,17,–3
65,Juventude Samas,14,14,3,5,6,13,21,–8
66,Tocantinópolis,7,14,1,4,9,17,31,–14
67,ABC,28,14,9,1,4,30,13,17
68,Campinense,25,14,7,4,3,23,12,11
69,América de Natal,22,14,6,4,4,25,20,5
70,Atlético Cearense,21,14,6,3,5,22,20,2
71,Sousa,16,14,4,4,6,16,18,–2
72,Central,15,14,3,6,5,13,17,–4
73,Treze,15,14,2,9,3,18,16,2
74,Caucaia,9,14,2,3,9,20,51,–31
75,Juazeirense,27,14,7,6,1,18,9,9
76,Itabaiana,26,14,7,5,2,22,13,9
77,Sergipe,23,14,6,5,3,16,8,8
78,Retrô,20,14,4,8,2,17,14,3
79,Atlético de Alagoinhas,18,14,4,6,4,15,17,–2
80,Bahia de Feira,15,14,3,6,5,18,20,–2
81,ASA,12,14,3,3,8,12,22,–10
82,Murici,6,14,1,3,10,14,29,–15
83,Aparecidense,28,14,8,4,2,19,8,11
84,Nova Mutum,27,14,8,3,3,18,11,7
85,União Rondonópolis,24,14,7,3,4,21,15,6
86,Brasiliense,21,14,6,3,5,22,14,8
87,Goianésia,21,14,5,6,3,15,14,1
88,Porto Velho,13,14,2,7,5,10,16,–6
89,Gama,12,14,2,6,6,13,18,–5
90,Jaraguá,5,14,1,2,11,6,28,–22
91,Portuguesa,24,14,6,6,2,20,12,8
92,Santo André,21,14,6,3,5,16,13,3
93,Cianorte,20,14,4,8,2,12,9,3
94,Bangu,19,14,5,4,5,14,16,–2
95,Inter de Limeira,19,14,5,4,5,11,14,–3
96,Boavista-RJ,18,14,5,3,6,11,13,–2
97,São Bento,14,14,3,5,6,10,13,–3
98,Madureira,14,14,3,5,6,12,16,–4
99,Joinville,28,14,7,7,0,17,6,11
100,FC Cascavel,27,14,7,6,1,27,17,10
101,Esportivo,18,14,4,6,4,15,13,2
102,Caxias,18,14,4,6,4,15,13,2
103,Juventus de Jaraguá,18,14,4,6,4,12,11,1
104,Marcílio Dias,18,14,4,6,4,13,17,–4
105,Aimoré,12,14,3,3,8,15,18,–3
106,Rio Branco-PR,7,14,1,4,9,8,27,–19